Name,Age
Jennifer Snyder,36
Bruce Gibson,25
Terry Griffin,75
Eric Hawkins,63
Jennifer Garza,63
Jessica Vega,72
Michael Rowe,39
Sarah Wells,64
Elizabeth Robinson DDS,79
Laura Smith,19
Steven Murray,42
Regina White,18
James Rivas,30
Sarah Moses,76
Gary Knight,63
Donald Murphy,21
Karen Anderson,73
Bridget Rodriguez,71
Jodi Galvan,43
Susan Shaw,70
Richard Molina,64
Carla Bautista,35
Judy Ramirez,61
Scott Francis,67
Joshua Miller,64
Lorraine Martin,25
Natasha Fernandez,76
Sheila Bowers,63
Ann Moon,78
Tommy Rollins,16
Brandy Spencer,48
Timothy Johnson,16
Mark Williams,24
Jacob Arellano,36
Katherine Bailey,52
Leslie Chavez,50
Dominic Skinner,18
John Miles,72
Gary Wong,64
Andrew Andrews,53
